{"cameraMode":{"drawMode":0,"name":"Shaded","section":"Shading Mode"},"sceneLighting":true,"audioPlay":false,"sceneViewState":{"m_AlwaysRefresh":false,"showFog":true,"showSkybox":true,"showFlares":true,"showImageEffects":true,"showParticleSystems":true,"showVisualEffectGraphs":true,"m_FxEnabled":true},"in2DMode":false,"pivot":{"x":11.926767349243164,"y":-31.185779571533204,"z":36.524879455566409},"rotation":{"x":0.35850000381469729,"y":0.07163701206445694,"z":-0.02749098837375641,"w":0.930318295955658},"size":51.89247512817383,"orthographic":false}